fecha,producto,categoria,cantidad,precio_unitario,vendedor
2025-07-21,Balsamic Fig Dressing,Food - Condiments,36,65995.33,Cherin Snap
2024-11-05,Children's Backpack,Accessories,13,47019.34,Ernesto Stanger
2025-10-14,Chocolate Hazelnut Spread,Food - Spreads,37,72647.62,Garrot Lile
2025-07-31,Portable Folding Picnic Table,Outdoor,77,70737.01,Ronalda Chesterman
2025-07-23,Teriyaki Stir-Fry Sauce,Food - Condiments,3,54788.22,Raleigh Costanza
2025-06-05,Essential Oil Diffuser,Health,5,62072.09,Tadio Garcia
2024-12-19,Buffalo Chicken Dip,Food - Dips,56,21558.77,Padgett Cansdale
2025-01-10,Red Lentils,Food - Grains,86,6805.08,Bartolomeo McMaster
2025-01-11,Patterned Knit Scarf,Clothing - Accessories,99,9759.39,Dorisa Berrington
2024-12-10,Garden Kneeler and Seat,Garden,85,30958.81,Desi Flann
2025-02-09,Ricotta Cheese,Food - Dairy,51,6544.54,Glyn Itzcovichch
2025-06-11,Sunglasses Case,Accessories,12,48487.62,Dorise Bramstom
2025-03-07,Baked Mac and Cheese,Food - Frozen Foods,18,27672.96,Dennet Van Bruggen
2025-09-19,Solar Garden Lights,Outdoor,54,8061.79,Vladimir aManger
2025-09-01,Wooden Blocks,Toys,11,89574.88,Othilie Walicki
2025-03-15,Peanut Butter Protein Balls,Food - Snacks,80,97204.36,Timmie McCrostie
2025-02-24,Organic Tomato Ketchup,Food - Condiments,84,32558.05,Odey Calleja
2025-07-19,Smartphone Stand,Accessories,18,9805.44,Annabell Oldrey
2024-11-30,Maple Almond Yogurt,Food - Dairy,48,10796.98,Tonie Bourges
2024-11-04,Maple Cinnamon Almonds,Food - Nuts,39,81361.25,Abbey Blemings
2025-09-07,White Rice,Food - Grains,80,45564.17,Arda Bentje
2025-08-15,Cinnamon Raisin Bagels,Food - Bakery,28,63274.95,Emyle Brandino
2025-01-11,Leather Notebook Cover,Office,78,6387.65,Brit Duck
2025-03-25,Wildflower Honey,Food - Condiments,84,82394.95,Chaddy Aizikov
2025-06-14,Plant Watering Spikes,Garden,9,81238.08,Stirling Starmont
2025-06-08,Handmade Leather Journal,Books,100,68532.5,Elyse Leates
2024-11-25,Butternut Squash Ravioli,Food - Frozen Foods,60,73236.95,Nelson Ruzicka
2025-01-09,Handmade Wooden Utensil Set,Kitchen,89,69067.05,Lorilyn Mahaddy
2025-05-07,Beef Stroganoff Mix,Food - Meal Kits,37,86089.85,Katuscha Navaro
2024-12-25,Scented Soy Candles,Home,45,51468.81,Rhianon Druhan
2025-08-17,Organic Quinoa Chips,Food - Snacks,82,64507.99,Nestor Adriano
2025-02-26,Non-Toxic Crayons for Kids,Toys,48,62189.71,Sonja Cossom
2025-02-16,Wireless Earbuds Case,Accessories,88,61249.1,Shandy Erington
2025-07-15,Comfort Flats,Clothing - Shoes,16,15672.57,Abby Larter
2025-09-27,Vegan Cheese,Food - Dairy Alternatives,78,90581.74,Mickie Fawcitt
2025-09-22,Handmade Wooden Utensil Set,Kitchen,23,84494.23,Paula Piletic
2025-05-18,Miso Soup Starter,Food - Soups,49,50436.59,Inga Jacson
2025-05-01,Maple Almond Granola,Food - Breakfast,46,4799.49,Regen Agron
2025-02-23,Face Mask Set,Health,79,68543.07,Farr Portam
2025-07-10,Baked Mac and Cheese,Food - Frozen Foods,62,22638.85,Gary Montgomery
2025-06-07,Vegan Tacos,Food - Frozen Foods,10,2940.35,Perla Tulleth
2025-08-24,Wall Planner,Office,10,82321.42,Ivett Huller
2024-12-20,Camping Tarp,Outdoor,49,84347.13,Carmelita Domanski
2025-03-14,Pumpkin Puree,Food - Canned Goods,89,7261.81,Silvie Billingham
2024-11-07,Maple Breakfast Sausage,Food - Meat,27,73054.0,Alexine Corsor
2024-11-18,Puzzle Mat,Toys,43,9405.81,Dilan Janak
2025-04-23,Portable Hammock Swing,Outdoor,3,67292.89,Gloriana Cricket
2025-04-10,Ground Cinnamon,Food - Spices,68,69020.36,Olwen Spawforth
2025-07-18,Roasted Garlic Butter,Food - Condiments,100,18380.36,Donavon O'Keenan
2025-08-04,Sparkling Blood Orange Soda,Food - Beverages,73,53317.1,Cleavland Bamlett
2025-09-15,Air Mattress,Outdoor,77,83352.4,Gannie Norcliff
2025-03-20,Bamboo Memory Foam Pillow,Home,95,87322.97,Elena Severn
2025-01-05,Peach Green Tea,Food - Beverages,23,76659.42,Fancy Acaster
2024-11-07,Chocolate Hazelnut Granola,Food - Cereal,61,66220.23,Jeannette Peverell
2025-08-12,Cordless Water Flosser,Health,60,73242.2,Goldy Mayor
2024-12-03,Motion Sensor Light,Home,59,26023.8,Berkley Levermore
2024-11-20,Coconut Water,Food - Beverages,73,95821.53,Vincenty Casoni
2025-02-07,Spinach and Feta Wraps,Food - Prepared Foods,97,81521.0,Rriocard Lieb
2024-12-12,Carrot Ginger Soup,Food - Soups,21,42396.57,Bayard Extal
2025-01-15,Chocolate Covered Pretzels,Food - Snacks,27,51869.13,Alleyn Debow
2024-12-20,Cocktail Shaker Set,Kitchen,82,5509.99,Bernette Jarad
2025-06-21,Margherita Pizza,Food - Frozen Foods,35,2467.95,Frederic Olrenshaw
2025-08-16,Fruit and Nut Energy Bites,Food - Snacks,25,62659.19,Marshall Agdahl
2024-11-01,Organic Vanilla Bean Ice Cream,Food - Frozen Desserts,75,14487.77,Chevy Cumberledge
2025-08-17,Comfort Flats,Clothing - Shoes,39,15591.97,Boony Alen
2024-11-06,Mini Air Hockey Table,Toys,97,43728.26,Jerrylee Lampaert
2024-11-29,Portable Speakers,Audio,40,60841.59,Vinson Buxcey
2025-03-24,Brownie Bites,Food - Baked Goods,97,50554.01,Cathe Edsell
2024-11-29,Cinnamon Roll Dough,Food - Bakery,9,44675.25,Earle Baude
2025-03-15,Camping Tent,Outdoor,40,73028.58,Ainsley Arnely
2025-04-16,Portable Solar Charger,Electronics,9,15574.18,Fernande Gilding
2025-07-24,Leather Crossbody Bag,Clothing - Bags,8,69800.06,Nora Edridge
2025-08-30,Peanut Butter Filled Pretzels,Food - Snacks,64,72584.23,Shea Duke
2025-08-30,Soft Plush Throw Blanket,Home,12,65041.49,Trey Greendale
2025-09-25,Saffron Rice Mix,Food - Grains,98,31201.2,Celestyna Doughton
2024-11-24,Puzzle,Toys,39,43659.15,Claus Laslett
2025-02-19,Reversible Swimming Pool Lounger,Outdoor,33,37454.36,Corbett Alcido
2025-06-17,Organic Green Lentils,Food - Grocery,50,44868.13,Cassandre Wiffield
2025-08-18,Herb Seasoned Couscous,Food - Grains,89,80014.54,William Spawton
2025-05-19,Teriyaki Beef Strips,Food - Frozen Meals,33,34828.0,Rodolfo Doudny
2025-03-28,Children's Gardening Set,Toys,38,61490.56,Agace Annesley
2025-10-25,Spiced Pumpkin Soup,Food - Canned Soups,46,80315.73,Maible Murfett
2025-07-30,Wireless Charger Stand,Electronics,59,5954.38,Eddie Creak
2025-08-27,Buffalo Sauce,Food - Condiments,21,60248.62,Sybille Baldacchi
2025-09-29,Indestructible Dog Toy,Pets,13,2324.42,Katine Thoumas
2025-02-09,BBQ Sauce,Food - Condiments,81,51749.48,Jerrold Scaysbrook
2025-04-07,Sesame Oil,Food - Oils & Vinegars,95,6456.89,Rebecca Steutly
2025-06-30,Non-Toxic Concrete Sealer,Home Improvement,49,90284.67,Carlina Boffey
2025-07-17,Portable Pet Pooper Scooper,Pets,19,77927.97,Meg Chaunce
2025-04-04,Greek Yogurt Parfait,Food - Dairy,68,52307.06,Farlay Chesser
2025-04-25,Smart Air Purifier,Home,37,19411.97,Dale Badgers
2025-10-10,Children's Art Set,Toys,23,55379.28,Corene Coles
2025-07-09,Frozen Mixed Vegetables,Food - Frozen,4,43380.02,Margarette Pickerill
2025-05-09,Self-Massaging Pillow,Health,42,77612.47,Juliet Kochl
2025-01-27,Fresh Cilantro,Food - Produce,15,24994.88,Wang Charnley
2025-01-30,Vanilla Almond Granola,Food - Breakfast,89,49814.83,Ellen Way
2024-11-25,Honey-Balsamic Vinaigrette,Food - Dressing,35,78172.82,Fabien Monnery
2025-10-02,Organic Green Tea,Food - Beverages,3,86172.55,Quill Champain
2025-04-13,Foldable Yoga Mat,Fitness,43,94316.85,Tobey Baptiste
2025-09-10,Chocolate Hazelnut Granola,Food - Cereal,48,39169.28,Averil Attarge
2025-05-02,Pumpkin Spice Muffins,Food - Bakery,85,47776.27,April Aveson
2025-03-06,Honey Garlic Sauce,Food - Sauces,47,47818.21,Isac Winterflood
2025-08-26,Tortilla Chips,Food - Snacks,63,28433.9,Wells Pfleger
2025-05-22,Bamboo Charcoal Air Purifier Bags,Home,21,74897.84,Wendel Freda
2025-04-17,Silicone Cooking Utensils Set,Kitchen,16,87633.95,Moises Bevir
2024-12-20,Silicone Baking Cups,Kitchen,8,68201.39,Merridie Gillum
2025-10-25,Harvest Grain Salad,Food - Salads,87,74463.14,Jimmy Templeton
2025-10-12,Air Purifier,Home,30,45361.13,Julian Beinke
2025-02-23,Electric Milk Frother,Kitchen,60,67185.25,Meridel Blencowe
2025-01-14,Portable Solar Charger,Electronics,14,88712.56,Keane Tirte
2024-12-18,Pumpkin Spice Latte Mix,Food - Beverages,28,71774.61,Andras Rawstorn
2025-06-11,Banana Nut Muffins,Food - Bakery,81,10747.15,Meghan Ferrario
2025-08-03,Canned Sardines,Food - Seafood,51,31605.54,Jo ann Bruggeman
2025-03-16,Dish Rack,Kitchen,91,33086.08,Mireille Shatliffe
2025-03-22,Roasted Garlic Aioli,Food - Condiments,22,81355.95,Rasla Siberry
2025-08-08,Jump Rope with Counter,Fitness,62,13404.69,Koralle Lendrem
2025-04-21,Honey Mustard Pretzel Bites,Food - Snacks,67,75582.22,Alan Matthensen
2024-10-31,Throw Pillow Covers,Home,86,33497.99,Opal Grimstead
2025-09-16,Whipped Cream Cheese,Food - Dairy,75,91279.57,Ethan Gonzalo
2025-07-02,Portable Phone Charger,Accessories,60,39513.0,Cordie Baynard
2025-05-17,Solar String Lights,Outdoor,87,30123.43,Bondy Souter
2025-08-08,LED Desk Light,Home,100,58732.38,Floria Anyene
2025-06-30,Sparkling Blood Orange Soda,Food - Beverages,16,93893.07,Peyton Eastcourt
2024-12-26,Herbal Garden Starter Kit,Garden,50,29098.17,Tate Westerman
2025-08-08,Almond Flour Biscuits,Food - Bakery,43,3617.77,Krysta Stanfield
2024-11-04,Toy Building Set,Toys,54,85611.88,Deana Hanshawe
2025-04-05,Pet Safety Harness,Pets,79,87984.07,Murielle Bayns
2025-08-09,Heavy-Duty Utility Tote,Accessories,45,38477.48,Emery Tallis
2024-11-22,Air Purifier,Home,69,67456.87,Amabelle Leggatt
2024-11-03,Backpack,Accessories,23,32888.02,Rivkah Bubeer
2025-03-20,Computer Monitor Stand,Office,21,10168.41,Ingra Bispham
2025-03-08,Memory Foam Mattress Topper,Home,74,9888.39,Vanny Dowding
2025-01-07,Sweet Potato Fries,Food - Frozen Foods,94,63511.98,Milo Kellitt
2024-11-26,Puffer Winter Coat,Clothing - Outerwear,86,71038.48,Kelvin Carbin
2025-07-03,Mango Chutney,Food - Condiments,100,61836.91,Hersh Quartermaine
2025-02-17,Organic Honeycrisp Apples,Food - Fruits,70,68174.06,Carrie MacKowle
2025-03-28,Peanut Butter Chocolate Clusters,Food - Desserts,50,76773.27,Claudian Cuphus
2025-10-06,Acoustic Guitar,Music,58,7936.93,Reinaldos Perle
2025-10-19,Almond Flour Tortillas,Food - Baking & Cooking,38,37294.57,Prudy Meneo
2025-07-03,Magic Color-Changing Mug,Kitchen,39,86612.89,Esteban Pedrol
2025-03-05,Honeycrisp Apple Chips,Food - Snacks,97,5025.77,Garvin Whysall
2025-05-01,Portable Bluetooth Speaker,Audio,10,58108.05,Maggee MacNulty
2025-02-06,Organic Green Lentils,Food - Grocery,60,67843.43,Vannie Feyer
2025-05-20,Golf Putting Green,Sports,17,5703.93,Judon Klezmski
2025-05-24,Gluten-Free Pancake Mix,Food - Baking Goods,70,89892.02,Huntlee Ewells
2025-01-31,Basil Tomato Soup,Food - Canned Soups,74,75335.63,Pancho Tincey
2025-02-17,Oatmeal Raisin Cookies,Food - Baked Goods,7,85111.45,Gisela Foker
2024-11-06,Self-Stirring Mug,Kitchen,54,21409.81,Reinald Boow
2025-01-31,Gardening Tool Belt,Garden,42,59141.87,Kathe Kellie
2025-01-03,Two-Tone Windbreaker,Clothing - Outerwear,23,10187.0,Doralynne Swanton
2025-03-28,Slim Fit Chinos,Clothing - Pants,73,53769.77,Alexa Watson-Brown
2025-06-14,Creamy Garlic Dressing,Food - Condiments,31,2318.32,Malynda Edelston
2025-01-30,Herb Garden Planter Box,Garden,46,74645.46,Reagan Brind
2025-04-30,Kids' Art Supplies Kit,Toys,17,47810.76,Sydney Weiser
2025-09-23,Spicy BBQ Sauce,Food - Condiments,50,92866.72,Minta Scholtis
2025-07-21,Multifunctional Pocket Tool,Tools,39,66912.86,Odette Raddan
2025-02-06,Vegetable Spring Rolls,Food - Frozen Foods,9,83360.4,Clay Liddard
2025-03-29,Compact Digital Camera,Photography,26,70093.13,Amanda Pacher
2025-10-11,Dog Collar,Pets,84,31849.29,Ambur McCarly
2025-01-30,Garlic Butter Sauce,Food - Condiments,39,32228.93,Leonardo Coldbathe
2025-10-14,Frozen Salmon Filets,Food - Seafood,55,32283.59,Anabel Mattiato
2025-01-19,Dog Training Clicker,Pets,76,73092.71,Camel Mashro
2025-05-14,Coffee Maker,Kitchen,10,39013.87,Prue Stucksbury
2025-08-29,Herb Seasoned Couscous,Food - Grains,80,15177.05,Ivie Layman
2025-01-09,Outdoor Picnic Blanket,Outdoor,18,24437.17,Nathanial Eberst
2025-08-21,Almond Flour Pizza Crust,Food - Frozen Foods,44,40177.17,Bliss Naisbit
2025-06-29,Coconut Oil,Food - Oils & Vinegars,99,6676.26,Korella Ahlf
2025-04-02,Laptop Backpack,Accessories,21,22887.07,Ann Guerro
2025-04-14,LED Desk Lamp with USB Charging Port,Office,58,92090.18,Yehudit Van Brug
2025-04-18,Portable Campfire,Outdoor,15,64223.7,Teodoro Doyley
2025-04-10,Andouille Sausage,Food - Meat,39,91401.36,Corney Tett
2025-04-02,Faux Leather Leggings,Clothing - Pants,49,4436.99,Zed Pattison
2025-05-23,Adjustable Standing Desk,Office,80,60815.58,Melesa Breakspear
2025-10-03,USB Flash Drive,Storage,23,37775.97,Wilhelmina Brenard
2025-06-04,Almond Flour Brownies,Food - Baking,33,57297.28,Gawain Abbate
2025-09-12,Organic Green Apples,Food - Produce,3,32179.1,Phaedra Campling
2025-08-31,Adjustable Dumbbells,Fitness,48,66265.97,Lelah Giacomozzo
2025-06-13,Wireless HDMI Receiver,Electronics,33,51250.89,Julian Garnsworthy
2024-11-02,Comfy Slippers,Footwear,36,41131.77,Vilhelmina Bratten
2025-02-02,Organic Coconut Flour,Food - Baking,25,22375.76,Silvan Amer
2025-03-26,Teriyaki Sauce,Food - Condiments,69,64642.18,Sonja Bresner
2025-01-11,Sunflower Seeds,Food - Nuts,19,9331.72,Ludwig Reeveley
2025-06-16,Gardening Gloves,Garden,47,30554.51,Larry Tesseyman
2025-08-21,Peanut Butter,Food - Condiments,19,59374.23,Shaylah Durham
2025-09-13,Italian Pasta,Food - Grains,59,73708.9,Heather Fairholme
2024-12-20,Suction Cup Hooks,Home,19,59255.18,Danya Brownsey
2025-05-07,Basil-infused Olive Oil,Food - Cooking Oil,76,27282.79,Antonietta Bonett
2025-10-17,Fried Rice,Food - Frozen Foods,20,45757.61,Fredelia Hutcheon
2025-04-05,Vegetable Spiralizer,Kitchen,34,22748.76,Rafferty Petriello
2025-05-21,Fitness Tracker Watch,Wearable Tech,61,85506.91,Karina Birkby
2025-03-09,Compost Bin,Garden,92,45252.49,Leeland Hulme
2025-06-05,Wall-Mounted Bookshelf,Home,8,3785.74,Phil Semaine
2025-07-10,Blueberry Muffin Mix,Food - Baking,69,38746.0,Eugenio Juhruke
2025-06-18,Chickpeas,Food - Canned Goods,6,58345.98,Carce Chiswell
2025-06-30,Zesty Garlic Marinade,Food - Condiments,3,52961.44,Eartha Baptist
2025-09-03,Silicone Baking Molds,Kitchen,84,64044.2,Ronny Pudan
2025-10-08,Stuffed Bell Peppers,Food - Frozen Meals,36,76926.63,Ulla Dupre
2025-07-18,Tailored Dress Pants,Clothing - Bottoms,89,67246.0,Agatha Pilcher
2025-09-25,Measuring Cups Set,Kitchen,94,32155.83,Ruthanne Kinnaird
2024-11-26,Smart Water Bottle,Fitness,74,32613.56,Fiann Wheelton
2024-11-24,Kids' Dinosaur-Themed Lunchbox,Accessories,10,87783.23,Evered Brok
2025-03-21,Dark Chocolate Raisins,Food - Snacks,94,13198.1,Jacinthe Burchess
2025-09-10,Garden Vegetable Chips,Food - Snacks,13,17398.69,Reinwald Court
2024-12-28,Golf Polo Shirt,Clothing - Tops,75,80154.84,Erinna Pratley
2025-07-20,Chocolate Avocado Pudding,Food - Desserts,82,37948.17,Sissy Maestro
2024-12-21,Herbed Couscous,Food - Grains,31,7917.45,Susanne Vecard
2024-10-26,Ethically-Sourced Coffee Beans,Food - Beverages,8,11832.75,Lyon Balloch
2024-10-30,Jump Rope with Counter,Fitness,16,75718.95,Pam Pietruszka
2025-01-12,Wild Rice & Quinoa Mix,Food - Grains,100,84000.5,Jo-anne Tidbald
2024-11-22,Camping Chair with Cooler,Outdoor,94,80344.77,Blake Swansbury
2025-03-17,Chocolate Mint Thins,Food - Snacks,2,19124.11,Dougy Aldred
2025-01-30,Coconut Curry Lentils,Food - Canned Goods,71,57827.25,Suzanne Grote
2025-10-15,Avocado Oil Mayo,Food - Condiments,18,13613.91,Archibald Pock
2025-07-01,Electric Ice Cream Maker,Kitchen,78,77628.91,Nappy MacCaffrey
2025-08-29,Caraway Rye Bread,Food - Bakery,33,16920.16,Ky Lugton
2025-06-30,Coconut Cream Pie Mix,Food - Baking,3,9997.95,Denna Gaize
2025-02-07,Eco-Friendly Yoga Blocks,Fitness,28,79933.9,Hinze Ambrosch
2024-12-28,Incense Holder,Home,90,38254.73,Vittoria Piken
2024-12-27,Puzzle 3D Model Kit,Toys,75,27513.48,Tedi Cicconettii
2024-11-07,Classic Cheesecake Mix,Food - Desserts,9,95959.66,Rip Hub
2025-07-12,Sesame Oil,Food - Oils & Vinegars,54,78625.8,Homerus Stigger
2025-04-15,Trail Mix (Deluxe),Food - Snacks,28,57329.53,Marve Michelet
2025-09-10,Stylish Wireless Earbuds,Audio,84,46055.11,Nev Dury
2025-03-12,Fitness Tracker with Heart Rate Monitor,Fitness,27,63286.24,Clari Viste
2024-12-17,Baby Safety Corner Guards,Baby,26,23919.13,Penrod Tompkins
2025-02-28,Buffalo Wing Sauce,Food - Condiments,69,66456.97,Ulric Kobera
2025-06-04,Herbal Tea Variety Pack,Food - Beverages,21,19268.03,Ebeneser Barnewell
2024-12-18,Basil Tomato Soup,Food - Canned Soups,78,24424.29,Alphard Kinavan
2025-01-17,Italian Sausage and Peppers,Food - Meat,6,2193.93,Anna-diana Langhor
2025-02-14,Faux Fur Coat,Clothing - Coats,6,58299.8,Moira Akister
2025-09-22,Portable UV Sterilizer,Health,25,94960.44,Ev Kolak
2024-12-26,Wall Planner,Office,34,4714.33,Bernadine Lyster
2025-07-31,Pasta (Fusilli),Food - Pasta,94,90855.93,Vance Southcott
2025-07-07,Men's Waterproof Hiking Boots,Footwear,22,48726.19,Moritz Bleythin
2024-12-09,Personal Blender with Travel Lid,Kitchen,72,12880.89,Joeann MacGarrity
2024-12-18,Electric Griddle with Lid,Kitchen,24,62506.42,Man Daws
2025-09-23,Herbed Mushroom Risotto,Food - Prepared Foods,15,99080.1,Galvin Chmarny
2025-09-17,Roasted Sweet Corn,Food - Frozen,33,91234.87,Menard Sallenger
2025-08-30,Portable Camping Shower,Outdoor,29,4727.99,Hilarius Buttriss
2025-04-03,Coconut Yogurt,Food - Dairy Alternatives,76,85576.44,Hayyim Colbron
2025-03-06,Foam Building Blocks for Kids,Toys,32,42312.86,Reta Dallewater
2025-04-01,Wireless Gaming Headset,Gaming,69,30076.01,Renaldo Laxton
2025-07-30,Jalape√±o Cornbread,Food - Bakery,28,5930.5,Verina Pether
2024-10-30,DIY Lip Balm Making Kit,Crafts,65,79604.3,Lise Inchboard
2025-01-06,Pomegranate Juice,Food - Beverages,7,43766.48,Stanly Crofthwaite
2025-04-06,Spinach Feta Wraps,Food - Deli,95,17698.4,Gianni Yeabsley
2025-01-29,Wireless Security System,Home Security,72,23658.0,Monika Ebbens
2024-11-14,Spicy Kimchi,Food - Condiments,24,25750.97,Winfield Antognoni
2025-06-10,Camera Lens Cleaning Kit,Photography,71,51558.97,Gavrielle Walkden
2025-07-07,Oven Mitts,Kitchen,15,86979.68,Mabelle Purcell
2025-06-29,Portable Projector,Electronics,25,46066.1,Andrey Freke
2025-08-08,Pomegranate Juice,Food - Beverages,26,60410.1,Janessa Copin
2025-06-11,Garden Hoses with Expandable Features,Garden,57,32201.92,Chicky Bridgeland
2025-07-11,Organic Cereal Bars,Food - Snacks,26,66269.59,Jacquelyn Buckhurst
2025-07-27,Traditional Hummus,Food - Dips,56,88737.21,Alejandro Eddington
2025-08-20,Caramelized Onion Dip Mix,Food - Snacks,17,65526.32,Danica Drescher
2025-07-21,Vegetable Samosas,Food - Frozen,43,27004.08,Rand Denslow
2025-02-25,Organic Green Lentils,Food - Grocery,22,72555.81,Nikaniki Bresson
2024-12-27,Beef Stroganoff Mix,Food - Meal Kits,60,34476.26,Barbaraanne Tidder
2025-07-04,Pretzel Bites,Food - Snacks,70,60438.02,Farr Bucksey
2025-05-13,Electric Meat Grinder,Kitchen,73,64967.13,Egon Clarridge
2024-11-16,Chocolate Mint Thins,Food - Snacks,1,72411.5,Lettie Larchiere
2025-06-09,Peach Fruit Cups,Food - Snacks,74,62730.18,Manuel Pownall
2025-05-21,Adjustable Window Blind,Home,42,52762.96,Delinda Pietersma
2025-03-27,Peanut Butter Granola,Food - Breakfast,43,23362.08,Dorothea Capoun
2025-10-12,Wireless Keyboard and Mouse Combo,Electronics,94,86482.57,Keefe Recher
2025-07-25,Vegetable Broth,Food - Canned Goods,89,86955.98,Alberto Norridge
2024-11-10,Vegetable Stir-Fry Sauce,Food - Sauces,89,91362.22,Eddie Duffill
2025-05-03,Honey Lemon Tea,Food - Beverages,17,35322.17,Newton De la Harpe
2025-09-22,Comfortable Bed Pillow,Home,97,40459.94,Udale Garrattley
2025-05-02,Baking Powder,Food - Baking Goods,100,55578.54,Artus Stanway
2024-12-20,Cinnamon Apple Sauce,Food - Canned Goods,81,3519.93,Alex Aikman
2025-08-21,Organic Lentil Soup,Food - Soups,82,63069.46,Domingo Marco
2025-05-02,Stylish Combat Boots,Clothing - Shoes,76,20473.85,Blane Impy
2025-09-20,Almond Joy Protein Bars,Food - Snacks,81,18305.46,Ulrikaumeko Burns
2025-10-15,Magnet Travel Fridge Magnets,Accessories,93,14396.31,Blake Dunniom
2025-06-14,Smoked Paprika,Food - Spices,99,95376.21,Hyatt Brighty
2025-08-02,Vegetable Curry,Food - Frozen Foods,46,82003.46,Gun Edscer
2025-06-23,Slim Wallet,Accessories,73,56280.87,Connie Zanelli
2025-08-03,Travel Hair Straightener,Beauty,65,35155.79,Winifred Pymm
2025-01-26,Sesame Garlic Stir-Fry Sauce,Food - Sauces,24,85073.92,Hamilton Townley
2024-12-13,Taro Chips,Food - Snacks,69,30838.55,Odetta Betz
2025-10-18,Roasted Garlic,Food - Condiments,52,3775.49,Cheri Stute
2025-10-01,Pumpkin Spice Muffins,Food - Bakery,57,53877.53,Sheena Rosenhaus
2025-08-09,Pork Chops,Food - Meat,63,88021.65,Troy Busain
2025-08-01,USB Desk Fan,Home,82,35217.44,Shoshana Ocheltree
2025-04-27,Chocolate Mint Cookies,Food - Baking,88,78158.71,Lynea Rayworth
2025-04-18,Fashionable Fanny Pack,Clothing - Accessories,36,3460.76,Dela Strong
2025-06-16,Whole Roasted Chicken,Food - Meats,15,68764.59,Aridatha Cauldwell
2024-11-18,Electric Toothbrush Holder,Health,17,98605.4,Pippo Mack
2025-06-08,Bamboo Utensil Holder,Kitchen,62,83625.5,Lucia Aimson
2025-07-28,Lightweight Workout Tank,Clothing - Activewear,39,55016.45,Sophronia Linnemann
2024-12-19,Spicy Thai Chili Sauce,Food - Sauces,5,71743.79,Walden Swadden
2025-08-01,Colorful Post-It Notes Set,Office,84,48642.18,Gill Northrop
2025-01-14,Personal Security Alarm Keychain,Safety,19,29996.38,Hazel Dobbs
2025-06-02,Frozen Broccoli,Food - Frozen,41,16738.57,Thedric Panyer
2025-03-01,Electric Fondue Pot,Kitchen,66,29349.95,Loralee Seven
2025-08-27,Buffalo Cauliflower Bites,Food - Freezer,15,60193.19,Bria Fernier
2025-08-16,Wildflower Honey,Food - Condiments,97,57865.15,Carol Walsh
2025-10-25,Sushi Roll Kit,Food - Cooking Kits,41,37243.74,Bailey Napton
2025-02-21,LED Flashlight,Outdoor,98,35120.06,Dionis Dodson
2025-06-14,Electric Bike,Bicycles,24,32552.86,Conroy Senton
2025-08-23,Customizable Name Plate,Office,83,67465.07,Charleen Swiers
2025-01-15,Workstation Laptop Stand,Office,74,5941.0,Ilka Jeune
2025-10-15,Avocado Lime Dressing,Food - Condiments,55,16198.98,Hyacinthe Bavage
2025-08-16,Tactical Backpack,Outdoor,76,97135.47,Kathryn Learoid
2025-02-02,Sports Water Bottle with Infuser,Fitness,54,76634.7,Hanson Mewitt
2025-09-25,Peach Preserves,Food - Condiments,22,43582.19,Berry O'Cassidy
2024-10-27,Organic Baby Spinach,Food - Produce,100,19771.18,Leia Gasnoll
2025-07-29,Vanilla Pudding Mix,Food - Baking,96,25891.91,Alyssa Bohan
2025-05-30,Wireless Security Camera,Home,21,45868.1,Grazia Essel
2025-08-11,Mini Cordless Vacuum Cleaner,Home Appliances,59,60107.62,Imogen Seabon
2024-11-20,Cork Yoga Mat,Fitness,5,32021.35,Brocky Bonnier
2025-07-07,Buffalo Cauliflower Wings,Food - Frozen Foods,81,88696.69,Pace Farrell
2025-09-06,Insulated Cooler,Outdoor,62,19099.54,Emanuel Huriche
2025-06-25,Baked Mac and Cheese,Food - Frozen Foods,26,56586.77,Bo Ferrero
2025-06-25,Electric Wax Warmer,Home,4,47672.03,Susannah Klimentyonok
2025-08-09,Skincare Set,Beauty,41,67054.45,Olympie Heskey
2025-03-21,Protein Powder,Fitness,81,19717.07,Corbett Teideman
2025-08-09,Almond Joy Snack Bars,Food - Snacks,64,29586.1,Roxanna Riseam
2025-07-23,Shoe Organizer,Home,85,68435.66,Ruperto Souten
2024-10-31,Green Smoothie Mix,Food - Beverages,44,91643.08,Eileen Bainton
2025-07-20,Oven Mitts with Pocket,Kitchen,44,72492.71,Norine Outlaw
2025-01-31,Peach Preserves,Food - Condiments,82,21628.66,Giustino Comazzo
2025-02-03,Field Journal,Books,81,95291.38,Mela Cleveley
2024-12-09,Multi-Tool,Outdoor,20,72477.51,Dun Andrejevic
2025-04-18,Chocolate Almond Milk,Food - Dairy Alternatives,78,85300.99,Jilly Yole
2025-02-06,Digital Thermostat,Home,62,33980.39,Mayer Summerhayes
2025-04-02,Sweet Cherry Tomatoes,Food - Produce,44,99790.04,Reid Meco
2025-06-03,Almond Butter Granola Bars,Food - Snacks,75,73267.38,Alix Birdfield
2025-05-31,Casual Sneakers,Clothing - Footwear,37,79374.59,Sabina Tyght
2025-10-05,Portable Water Filter,Outdoor,31,49526.3,Ailina Blune
2024-11-16,Camping Lantern,Outdoor,82,5955.23,Betteanne Hovel
2024-12-31,Leek and Potato Soup,Food - Soups,97,30593.76,Lewiss Powles
2025-07-11,Vegetable Chips,Food - Snacks,65,5145.32,Enos Vaan
2025-08-10,Grilled Veggie Burgers,Food - Meat Alternatives,52,42653.29,Ramon Wooster
2025-03-02,Roasted Chickpeas,Food - Snacks,84,53715.34,Willi Gaitley
2025-08-10,Overnight Hiking Backpack,Outdoor,1,64615.02,Glynis Riddich
2025-02-08,Ice Cream Maker,Kitchen,35,51153.34,Debbi Halloway
2025-04-29,Fruit Infuser Water Bottle,Fitness,1,7529.7,Garnette Culmer
2024-12-10,Zesty Garlic Hummus,Food - Snacks,38,46324.1,Pippa Jeppensen
2025-06-23,Wall Decals for Kids,Home,82,99348.9,Vanya Kitteridge
2025-08-21,Fruit and Nut Medley,Food - Snacks,20,63843.63,Abbie Listone
2025-02-25,Folding Pocket Knife,Tools,70,44629.37,Becka Eddy
2024-10-31,LED Strip Lights,Home,72,41931.39,Denver Grunnell
2025-05-21,Laptop Stand,Accessories,77,4637.9,Blancha Minghella
2024-12-19,Samsung Galaxy Smartwatch,Wearable Tech,89,83744.25,Mathias Platts
2024-11-03,Nature Explorer Lens Kit,Toys,57,37144.12,Lauretta O'Dyvoy
2025-02-27,Emergency Preparedness Kit,Safety,18,15631.47,Aryn Marking
2025-06-01,Children's Garden Tool Set,Garden,38,20127.68,Alexis Reddish
2025-02-23,Salsa Verde,Food - Condiments,99,63582.76,Earlie Mahood
2025-09-22,Memory Foam Mattress Pad,Home,56,34006.03,Marsh Aitken
2025-10-13,Cinnamon Rolls,Food - Bakery,79,18054.21,Oates Ruffli
2025-04-14,Set of Silicone Cooking Utensils,Kitchen,30,10642.22,Moll Massie
2025-03-03,Sweetened Condensed Milk,Food - Baking Goods,56,29901.13,Henri Gwynn
2025-10-10,Cooking Utensil Set,Kitchen,8,67893.39,Paulie Ducket
2024-12-25,Strawberry Rhubarb Jam,Food - Condiments,1,61765.41,Ragnar Leete
2024-12-18,Rainbow Veggie Chips,Food - Snacks,47,83749.56,Becki Lydiard
2025-09-08,Collapsible Camping Cup,Outdoor,96,28065.87,Ingeborg Suermeier
2025-02-03,Pet Nail Clipper,Pets,19,92774.92,Owen Josupeit
2025-05-14,Mini Cordless Vacuum Cleaner,Home Appliances,85,38234.38,Web Seifert
2024-12-12,Gaming Mousepad,Gaming,11,10973.56,Flory Bromont
2025-08-05,Granola,Food - Breakfast,3,53755.16,Jenn Bleue
2025-06-18,Bike Repair Tool Kit,Outdoor,71,90912.1,Jeffy Bromhead
2025-04-27,Faux Leather Leggings,Clothing - Pants,69,37870.39,Rosalyn Scaife
2025-05-08,Athletic Jogging Jacket,Clothing - Outerwear,75,9747.93,Vina Clementson
2025-10-20,LED Desk Lamp,Home,99,37978.2,Sid Lindback
2025-04-01,Toasted Coconut Granola,Food - Breakfast,29,59910.2,Bat Jacob
2025-07-26,Shredded Cheese,Food - Dairy,35,95636.38,Stanton Jeune
2025-09-24,Lentils,Food - Grains,100,6182.48,Cinnamon Skyrme
2024-11-02,Spicy Hummus,Food - Deli,73,95775.88,Magdalen Semper
2025-02-02,Electric Meat Grinder,Kitchen,10,78914.35,Ricki Standering
2025-04-10,Chili Beans (canned),Food - Canned Goods,21,65502.44,Findlay Shewen
2024-12-05,Garlic Herb Cream Cheese,Food - Dairy,87,31027.21,Deborah Crone
2025-07-26,Pet Hair Vacuum Attachment,Pets,56,86523.95,Margaretha MacDermott
2025-02-21,Memory Card,Storage,61,24514.75,Con Avraam
2025-07-07,Maple Bacon Potato Chips,Food - Snacks,97,65226.34,Bren Percy
2024-12-06,Magnetic Phone Case,Accessories,1,18923.31,Joly Ovise
2025-03-24,Wireless Charging Pad,Accessories,34,82200.34,Otha Linck
2025-05-29,Dried Mango Slices,Food - Snacks,85,99265.67,Humfrid Willman
2025-07-15,Dog Training Whistle,Pets,92,3474.95,Clarine Bertouloume
2025-01-02,Pumpkin Ice Cream,Food - Frozen Foods,58,9618.28,Sky Goodlip
2025-08-12,Fitness Jump Box,Fitness,76,14067.31,Willdon Kingdom
2025-03-04,Maple Pecan Granola,Food - Breakfast,72,69161.06,Esme Petrillo
2025-10-07,Honey Nut Cheerios,Food - Cereal,55,86933.09,Oralle Ivanichev
2025-02-26,Dog Car Seat Cover,Pets,27,63349.97,Bern Hatherley
2025-02-23,Fruit Infuser Water Bottle,Fitness,93,69948.8,Teriann Giovanardi
2025-08-12,Vegetable Stock,Food - Cooking Essentials,80,22056.86,Joycelin Furnival
2025-06-05,Pet Grooming Kit,Pets,40,19279.98,Cordy Kid
2025-02-23,Whole Roasted Chicken,Food - Meats,82,8338.05,Webb Blyth
2025-01-21,Kettle Chip Variety Pack,Food - Snacks,47,73819.21,Tory Duckhouse
2024-11-09,Raisin Cinnamon Granola,Food - Cereals,79,28836.47,Flemming Gallehawk
2025-01-09,High-Waisted Skirt,Clothing - Bottoms,92,42242.61,Manya Loton
2025-04-18,Butternut Squash Ravioli,Food - Frozen Foods,67,24899.44,Alma Parman
2025-02-07,Sliced Bread,Food - Bakery,49,43062.02,Collette Melonby
2025-10-14,Smartphone Gimbal,Electronics,89,28536.09,Idette Atlee
2025-04-15,Over-the-Door Shoe Organizer,Home,31,93401.54,Aldon Fuxman
2024-12-13,Sweet Chili Sauce,Food - Condiments,93,20558.57,Martguerita Tratton
2025-07-16,Kids' Craft Supplies Set,Toys,71,73822.09,Shel Lulham
2025-06-15,Patterned Knit Scarf,Clothing - Accessories,31,24817.15,Ezra Polkinhorn
2025-01-24,Gardening Kneeler and Seat,Garden,12,15430.94,Edythe Betty
2025-08-06,Cauliflower Rice Stir-Fry,Food - Frozen Foods,94,93384.23,Torey St. Hill
2025-10-08,Spicy Tuna Sushi Kit,Food - Prepared Meals,62,91994.53,Leora Chislett
2024-10-31,Photo Album,Home,66,65465.66,Veda Monnoyer
2025-05-03,Foldable Yoga Mat Carry Bag,Fitness,66,71363.46,Leelah Sharratt
2025-05-15,Stuffed Peppers with Quinoa,Food - Prepared Meals,86,61143.41,Paxon Sleith
2025-04-19,Sun Protection Clothing,Clothing,85,36738.5,Cordy Tatnell
2024-12-24,Guitar Tuner,Music,88,36342.4,Jereme Conyer
2024-11-01,Wireless Gaming Headset,Gaming,21,34843.02,Ron Kerrich
2024-12-03,Heavy Duty Gardening Tool Set,Garden,62,45390.15,Eolande Lampbrecht
2024-10-31,Raspberry Vanilla Greek Yogurt,Food - Dairy,56,16105.79,Torin Ucceli
2025-02-08,BBQ Lentil Chips,Food - Snacks,2,84028.13,Federico Tal
2025-10-16,Vegetable Spiralizer,Kitchen,50,13595.83,Barbe Dradey
2024-12-12,Wireless Gaming Headset,Gaming,34,15998.43,Slade Tesche
2025-02-25,Cable Knit Beanie,Clothing - Accessories,70,48511.96,Patricio Sellen
2025-05-31,Portable Laptop Table,Office,16,50416.09,Rhett Obey
2024-11-02,Spicy Beef Taco Mix,Food - Condiments,46,11418.87,Helen-elizabeth Higgan
2025-04-19,Smart Plug,Smart Home,32,54917.37,Bridget Wackley
2025-02-18,Chili Beans (canned),Food - Canned Goods,33,88063.85,Alice Hassard
2025-03-10,Organic Green Apples,Food - Produce,76,51195.95,Nicholle Beamand
2025-09-29,Portable Dog Water Bottle,Pets,23,46445.36,Demetris Di Angelo
2025-06-23,Eco-Friendly Yoga Blocks,Fitness,99,55981.93,Jakob Bahde
2025-04-09,Faux Fur Coat,Clothing - Coats,40,86864.53,Franz Belsey
2025-04-07,Zucchini Noodles,Food - Vegetables,49,77823.34,Gerianna Ulyatt
2025-08-05,Coconut Bowls Set,Kitchen,66,79848.78,Robert Graham
2024-12-10,Portable Air Pump,Outdoor,15,68256.36,Sandor Guilfoyle
2025-02-16,Mini Electric Kettle,Kitchen,70,62800.61,Marcellina Janosevic
2025-10-24,Turmeric Ginger Tea,Food - Beverages,23,15519.4,Pren Valentin
2024-11-18,Collapsible Pet Dog Bowl,Pets,94,39377.9,Bernadina Winks
2025-07-04,Trendy Bomber Jacket,Clothing - Outerwear,19,51906.63,Jareb Blincow
2025-09-15,Organic Coconut Flour,Food - Baking,69,58165.44,Kelsi Ashton
2025-06-09,Leather Biker Jacket,Clothing - Outerwear,77,81592.27,Ileana Janzen
2024-12-25,Indoor Plants,Garden,82,70475.85,Greggory O'Dyvoie
2025-06-09,Sliced Turkey Breast,Food - Deli Meats,32,67871.35,Ara Huntar
2024-12-26,Multi-Tool,Outdoor,46,87363.51,Nara Agastina
2024-11-06,Smartphone Photography Ring Light,Photography,73,24073.49,Viola Veasey
2025-02-27,Peanut Butter,Food - Condiments,73,89640.11,Cammie Ivoshin
2025-02-09,Comfy Slippers,Footwear,75,33349.86,Bentley Ellins
2025-06-10,Pepper Jack Cheese Slices,Food - Dairy,92,90621.42,Eugine Klaessen
2025-09-22,Tandoori Chicken Marinade,Food - Condiments,23,68439.06,Alla Fausset
2025-09-02,Fitness Resistance Bands,Fitness,92,11980.17,Edy Bennedsen
2024-12-13,Leather Biker Jacket,Clothing - Outerwear,91,68630.93,Gael Poulney
2025-09-09,Mini Pretzels,Food - Snacks,85,39043.17,Barn Olenchikov
2025-07-27,Savory Italian Herbs,Food - Spices,88,29291.62,Sinclare Atte-Stone
2025-03-24,Wireless Music Receiver,Audio,73,49013.44,Torry Beedom
2025-10-23,Bluetooth Tracker,Accessories,62,15868.15,Barnabas Rogliero
2025-03-25,Reversible Swimming Pool Lounger,Outdoor,26,98152.03,Justinn Kupis
2024-11-08,Weighted Jump Rope with Counter,Fitness,63,30227.63,Cathe Cyster
2025-02-07,Portable Speakers,Audio,5,73627.53,Merle Ethington
2025-02-09,Coconut Chips,Food - Snacks,44,27831.18,Jessamine Hurich
2025-05-20,Decorative Wall Tapestry,Home,38,20116.94,Beilul Sparrowhawk
2024-10-26,Chiffon Blouse,Clothing - Shirts,50,3222.98,Jorey Kimmince
2024-12-14,Weighted Jump Rope with Counter,Fitness,81,37844.61,Linnie Pawelski
2025-01-20,Chicken Fajita Kit,Food - Prepared Foods,20,48383.77,Farlee Lasham
2025-04-08,Pumpkin Spice Cookies,Food - Bakery,80,89310.61,Hamilton Zapater
2025-03-01,Tattoo Kit,Art Supplies,2,80750.33,Deane Pietruszka
2025-03-22,Athletic Compression Tights,Clothing - Activewear,27,11526.18,Esta Phonix
2025-04-07,Mango Chutney,Food - Condiments,72,69802.74,Redford Divina
2025-01-05,Buffalo Cauliflower Wings,Food - Frozen Foods,70,1264.77,Christi Wassell
2025-07-04,Sweet Cherry Tomatoes,Food - Produce,64,80397.49,Trenton O'Currane
2025-03-26,Pet Hair Removal Brush,Pets,43,11164.94,Nevins Noon
2025-09-14,Waterproof Rain Boots,Clothing - Footwear,21,64968.97,Bartholomeo Perryman
2024-12-06,Whipped Cream Cheese,Food - Dairy,90,27840.63,Clarke D'Alessio
2024-11-04,Car Phone Mount,Automotive,39,36766.07,Arthur Yegorovnin
2025-08-24,Stainless Steel Grater,Kitchen,29,94572.87,Inglis Ateridge
2025-10-12,Organic Brown Sugar,Food - Baking,32,79862.14,Maiga Ech
2025-05-01,Chopping Board,Kitchen,49,21281.04,Marilin McChesney
2025-09-23,Adjustable Stand for Tablets and Smartphones,Electronics,63,14479.98,Vicki Longega
2025-04-12,Chocolate Hazelnut Granola,Food - Cereal,62,76786.55,Maryjo Bick
2024-12-25,Chocolate Fudge Ice Cream,Food - Frozen Desserts,91,80466.47,Jania Corbould
2025-06-05,Multi-Function Meat Tenderizer,Kitchen,13,73394.15,Leanna Corrison
2025-01-07,Pet Grooming Scissors,Pets,77,81009.07,Ulrica Bunyard
2025-01-20,Basil Lemonade,Food - Beverages,63,16463.93,Garry Cottrell
2025-07-06,Almond Joy Snack Bars,Food - Snacks,31,1159.09,Tiler Esgate
2025-04-03,Pasta (Linguine),Food - Pasta,41,28641.14,Elsworth Read
2025-05-02,Garden Tool Belt,Garden,3,51754.55,Antonia MacFie
2025-08-04,USB-C Hub,Computers,9,63626.17,Roda Champney
2025-05-22,Home Cleaning Robot,Home Appliances,47,76244.89,Francoise Sterry
2025-09-21,Chili Garlic Sauce,Food - Condiments,95,26141.98,Floris Johanssen
2025-03-08,Winter Insulated Jacket,Clothing,11,20355.45,Larisa Husset
2025-05-04,Mango Chili Salsa,Food - Condiments,28,29171.46,Lilias Sabathe
2025-10-22,Beef Sirloin Steak,Food - Meat,71,67734.1,Glyn Dahmke
2025-01-28,Digital Meat Thermometer,Kitchen,34,79486.01,Dinah Trahearn
2025-09-18,Golf Putting Green,Sports,80,56637.8,Mervin Ellison
2025-03-29,Chocolate Coconut Protein Balls,Food - Snacks,85,56988.0,Hedwig Zywicki
2024-12-17,Cranberry Citrus Sauce,Food - Condiments,68,49466.85,Brianna Yarn
2025-10-24,Mediterranean Couscous,Food - Grains,2,4661.08,Ashlen Elliman
2024-12-17,Fitness Tracker,Fitness,15,88246.63,Arv Gritten
2025-04-22,Bird Feeder,Outdoor,82,57272.65,Olly Given
2025-09-23,Roasted Sweet Corn,Food - Frozen,9,51030.25,Berthe Wace
2025-06-29,Plant-Based Protein Bars,Health,83,20760.84,Harri Ragborne
2025-03-25,Honey BBQ Riblets,Food - Meat,52,30605.13,Aldwin Rentoul
2025-07-29,Drone,Electronics,43,52301.06,Roselle Bidgood
2025-05-07,Lemon Zest Olive Oil,Food - Oils & Vinegars,10,62760.57,Elna Lode
2025-05-29,LED Table Lamp,Home,27,24984.87,Riordan Lapere
2025-01-12,Microfiber Cleaning Cloth Set,Home,58,66911.55,Belia Rawsthorne
2025-06-28,Sliced Cucumbers,Food - Produce,34,77393.55,Willis Jemmison
2025-01-04,Smartphone Tripod with Remote,Photography,54,90817.79,Tabatha Krout
2025-07-13,Honey Mustard Sauce,Food - Condiments,81,28523.97,Corilla Ossipenko
2024-12-09,Thai Peanut Noodles,Food - Pasta,79,37998.46,Antonius Copyn
2025-02-28,Savory Italian Herbs,Food - Spices,4,45910.05,Austine Van der Hoeven
2025-05-04,Personal Blender with Cups,Kitchen,72,22977.88,Broderic Trytsman
2025-10-03,Adjustable Dog Harness,Pets,95,68714.99,Mellisa Gorrick
2025-07-09,Chipotle Black Bean Salad,Food - Salads,66,86330.2,Eddie Bader
2025-02-20,Energy Bites,Food - Snacks,70,65319.63,Sanford Asgodby
2025-08-04,Mobile Workbench,Tools,53,77054.51,Alberik Fere
2025-06-23,Shoe Organizer,Home,52,56089.84,Rowland Thompstone
2025-02-16,Cucumber Lime Sparkling Water,Food - Beverages,51,51290.82,Anabella Lapham
2025-01-03,Bodyweight Resistance Bands,Fitness,100,33696.76,Sabrina Saxon
2024-11-20,Hummus Trio Pack,Food - Snacks,70,86274.29,Mirilla Risdall
2025-02-24,Artisan Bread Loaf,Food - Bakery,19,25653.53,Cherrita McPaik
2025-04-01,Raspberry Lemonade Mix,Food - Beverages,4,71289.93,Wendeline Shout
2025-05-28,Folding Table,Outdoor,72,20207.42,Shel Walczak
2025-05-21,Organic Green Tea,Food - Beverages,18,91828.83,Carlyle Phibb
2025-09-08,Lemon Herb Chicken,Food - Meat,62,18645.64,Andris Caskie
2024-12-15,Solar Power Bank,Electronics,66,64410.52,Rickey Northing
2025-10-04,Ultra-Thin Laptop Sleeve,Accessories,98,58576.9,Elfreda Caldero
2024-10-31,Coffee Maker,Kitchen,67,60353.72,Alanah Kenelin
2024-11-02,Cocktail Shaker Set,Kitchen,4,75274.9,Ximenes Dennis
2025-10-20,Chocolate Protein Powder,Food - Supplements,35,98946.34,Willie Landsberg
2025-08-09,Colorful Post-It Notes Set,Office,42,64026.98,Emmey Mitcheson
2025-01-07,Grilled Vegetable Medley,Food - Vegetables,16,19698.32,Shaine Tillett
2025-10-19,Coconut Chia Seed Pudding,Food - Snacks,47,25824.34,Clarie Monni
2025-07-21,Adjustable Pet Feeder,Pets,55,98509.86,Lyle Halliwell
2024-12-18,Cranberry Pecan Granola,Food - Breakfast Foods,36,74432.52,Eleanor Turbayne
2024-12-21,Solar Power Bank,Electronics,4,32605.72,Gage Jell
2025-04-12,Caramelized Onion Dip,Food - Dairy,8,1840.38,Arleen Seilmann
2025-01-10,Honey Sesame Chicken Mix,Food - Frozen Meals,44,28011.34,Nicola Rubinowicz
2025-04-07,Garam Masala Spice Blend,Food - Spices,66,72534.88,Pembroke Mc Kellen
2024-12-11,Electric Kettle with Temperature Control,Kitchen,21,16093.27,Daune Haseldine
2025-08-18,Cotton Basic Tank,Clothing - Tops,90,79205.18,Keelby De Mars
2025-05-27,Sweet Corn,Food - Canned Goods,8,77950.71,Aaron Diggens
2025-02-01,Electric Milk Frother,Kitchen,40,46791.24,Reinald Ingray
2025-06-02,Two-Tier Fruit Basket,Home,65,86551.01,Romy Goult
2024-10-30,Pine Nuts,Food - Nuts,93,41706.17,Luciana Martensen
2025-09-04,Smart Plant Monitor,Garden,43,59430.34,Bunnie Tritton
2025-06-12,Coconut Oil Spray,Food - Cooking Oils,40,19849.78,Florence Weedall
2025-10-08,Two-Tone Windbreaker,Clothing - Outerwear,12,92625.3,Maxine Klimentov
2024-12-05,Granola Clusters,Food - Cereal,78,4754.81,Veradis Hurche
2025-10-15,Classic Minestrone Soup,Food - Soups,20,76566.8,Oates Clemmey
2024-11-13,Mini Waffle Maker,Kitchen,47,83439.59,Myriam Greer
2024-11-13,Pet Hair Remover,Pets,1,22961.85,Franchot Itscowicz
2025-09-01,Mango Chunks,Food - Frozen Fruits,18,36117.89,Laverna Doghartie
2024-11-07,Homemade Salsa,Food - Condiments,39,3969.33,Heath Shrimpling
2025-07-20,Fitness Tracker Watch,Wearable Tech,65,95542.67,Becca Verrico
2025-01-19,Whisk Set,Kitchen,54,22456.18,Noll Lowndsborough
2024-12-14,Cold Brew Coffee Maker,Kitchen,61,90022.66,Tyrone Grace
2025-09-18,Classic Leather Wallet,Clothing - Accessories,20,18619.91,Linette Mourton
2025-04-25,Field Journal,Books,71,20772.07,Marne Waliszek
2025-10-11,Over-the-Door Hooks,Home,81,61392.08,Marja Huyche
2025-06-05,Sweet Corn Fritters,Food - Frozen,71,40985.4,Phillip Ollerearnshaw
2025-06-21,Roasted Garlic Aioli,Food - Condiments,20,11180.43,Clayborne Sarsons
2025-06-11,Adjustable Pedicure Footrest,Beauty,15,63010.64,Evin MacLise
2025-04-16,Weighted Jump Rope with Counter,Fitness,35,83328.65,Rozele Frushard
2025-07-01,Sliced Cheese,Food - Dairy,80,3897.27,Tad Schober
2025-01-10,Ginger Turmeric Tea,Food - Beverages,37,39555.45,Salome Plenderleith
2025-08-14,Pumpkin Pancake Mix,Food - Breakfast,63,3759.95,Waly Josovich
2025-02-01,Organic Quinoa Salad,Food - Prepared Meals,26,11957.6,Warde Varnham
2025-08-31,Graphic Tee,Clothing,48,56616.09,Darius Gerssam
2024-11-11,Digital Kitchen Timer,Kitchen,63,82331.57,Darsey Grimster
2025-01-19,Peach Salsa,Food - Dips,85,62494.93,Rois Pavolini
2025-04-19,Sourdough Bread,Food - Bakery,72,19792.79,Gustav McCurlye
2025-01-22,Kids' Activity Book,Books,68,37640.85,Thebault Broadbere
2025-03-17,LED Canopy Lights,Outdoor,76,5126.61,Jenni Cadwell
2025-04-28,Buffalo Wing Sauce,Food - Condiments,21,48902.99,Suzy Chatres
2025-05-08,Pet Food Storage Container,Pets,4,37896.33,Daryn Allsupp
2025-05-31,Bock Beer Mustard,Food - Condiments,10,86075.8,Mavis Simmell
2025-02-20,Smartphone Tripod with Remote,Photography,70,51535.71,Lia Lightfoot
2025-08-05,Microwave Popcorn Maker,Kitchen,21,49440.15,Tish Gaylard
2025-03-23,Chocolate Chip Cliff Bars,Food - Snacks,83,84475.22,Art Thieme
2025-08-23,Vegetarian Chili,Food - Canned Goods,87,21063.93,Leigha Thackeray
2024-12-28,LED Table Lamp,Home,14,45647.99,Kristi Crocumbe
2025-09-25,LED Flashlight,Outdoor,41,73173.39,Joe Clavey
2024-11-10,Mediterranean Flatbread,Food - Bakery,14,48700.92,Rutherford Billes
2025-08-04,Skincare Set,Beauty,11,91722.74,Mischa Summerly
2025-07-30,Fleece Hoodie,Clothing - Outerwear,6,34342.27,Ruthanne Boar
2025-07-30,Coconut Oil Spray,Food - Cooking Oils,77,86778.11,Carey Fullegar
2024-11-13,Chic Ankle Strap Heels,Clothing - Shoes,26,88714.41,Sayres Balaisot
2025-05-07,Savory Pumpkin Soup,Food - Soups,33,72560.33,Joey Elgee
2025-03-03,Watering Can with Nozzle,Garden,68,1249.02,Beverie Mattevi
2025-07-04,Two-Tier Fruit Basket,Home,99,41092.73,Vaughn Perocci
2025-04-25,Classic Pumps,Clothing - Footwear,53,65250.26,Erhard Couve
2025-09-26,Athletic Compression Tights,Clothing - Activewear,51,60387.0,Walton Hardaker
2025-02-26,Kids' Crafting Station,Toys,79,59788.21,Kienan Hymans
2025-05-22,Golf Polo Shirt,Clothing - Tops,23,72574.6,Massimiliano Wilfling
2025-02-02,Basil-infused Olive Oil,Food - Cooking Oil,57,93992.76,Verna Fodden
2025-07-05,Almond Flour Cookies,Food - Bakery,74,85782.37,Clyve Rockwell
2025-07-16,Children's Educational Puzzle,Toys,13,82285.68,Siffre Lintill
2025-06-24,Wire Shelving Unit,Home,27,82509.46,Danya Nozzolii
2025-07-21,Camping Lantern,Outdoor,61,58440.17,Jacquelyn McAughtrie
2024-12-28,Bike Helmet,Bicycles,55,68760.46,Mortie Romain
2025-09-26,Wooden Blocks,Toys,84,25639.8,Orton Sharvell
2025-03-02,Curried Lentil Salad,Food - Salads,19,95390.4,Sky Ryley
2025-09-09,Chino Shorts,Clothing - Bottoms,72,78064.64,Jaquelyn Darlaston
2025-04-13,Foot Spa Bath Massager,Health,71,32904.25,Zackariah Lalonde
2025-02-13,Aged White Cheddar Popcorn,Food - Snacks,39,47072.89,Skelly de Quincey
2025-08-16,Trail Mix (Deluxe),Food - Snacks,43,9727.68,Doyle Lonergan
2024-11-08,Tropical Fruit Bowl,Food - Snacks,25,36200.74,Almeda Durning
2025-09-21,Roasted Garlic Butter,Food - Condiments,55,50893.5,Si Folli
2025-05-30,Almond Crunch Granola Bars,Food - Snacks,27,68094.51,Rhonda Balshaw
2025-04-20,Homemade Salsa,Food - Condiments,26,36738.74,Staci Shambrooke
2025-05-14,Noise-Canceling Earbuds,Audio,34,84049.0,Suki Merry
2025-10-21,Insulated Lunch Box,Kitchen,10,19507.75,Sander Saggs
2025-09-24,Vegetarian Stuffed Peppers,Food - Prepared Foods,65,75427.12,Darda Cornick
2024-12-01,Adjustable Pet Feeder,Pets,30,8031.72,Reid McGlaud
2025-08-03,Karaoke Microphone,Music,54,92349.46,Constantine McCaughran
2025-09-07,Baking Powder,Food - Baking Goods,3,82798.07,Gigi Van Oord
2025-01-08,Sliced Cheese,Food - Dairy,1,25123.99,Ave Laurentino
2025-03-13,Fitbit Activity Tracker,Fitness,92,57930.3,Babita Grigorkin
2025-04-03,Striped Long Sleeve Shirt,Clothing - Shirts,15,79376.64,Melita Dand
2025-09-18,Wireless Charging Station,Electronics,64,7754.28,Brigid North
2025-08-18,Eco-Friendly Beeswax Wraps,Kitchen,27,48592.77,Margo Brownlie
2025-07-02,Hiking Boots,Footwear,54,39451.16,Devy Roscoe
2025-02-08,Suede Ankle Booties,Clothing - Footwear,23,67716.19,Andrei Spancock
2025-08-13,Spicy Chicken Wings,Food - Meat,93,72703.81,Caritta Grumbridge
2024-12-11,Dried Apricots,Food - Dried Fruits,50,4511.97,Josefina Rabb
2024-12-19,Lasagna Noodles,Food - Pasta,1,9315.33,Guinna McGiven
2024-11-03,Cinnamon Ice Cream,Food - Frozen Desserts,50,50647.46,Dalli Halbeard
2024-11-28,Wireless Car Charger,Automotive,70,87861.25,Lanny Tukely
2025-03-01,Chocolate Chip Cliff Bars,Food - Snacks,16,35973.83,Becca McLane
2025-04-21,Chocolate Chip Energy Balls,Food - Snacks,21,8813.28,Leora Sandeland
2025-09-14,Coconut Cream Pie Mix,Food - Baking,39,15858.26,Morgen Bezley
2025-06-17,Pet Safety Harness,Pets,2,51538.0,Dianna Shade
2025-01-25,Carrot Ginger Soup,Food - Soups,90,66348.98,Dore Parlatt
2025-05-22,Dried Fruit Medley,Food - Snacks,82,37118.08,Drugi Sleet
2025-04-21,Active Racerback Tank,Clothing - Tops,50,79029.81,Georgianna Kyffin
2025-10-11,Apple Cinnamon Instant Oatmeal,Food - Cereal,81,72499.14,Domeniga Talboy
2025-06-01,Sliced Olives,Food - Condiments,20,97817.5,Dyna Pettifer
2025-01-10,Garlic Breadsticks,Food - Sides,79,25773.93,Kaela Mattis
2025-01-18,Electric Screwdriver,Tools,49,43432.47,Gnni Itzkovsky
2025-09-16,Creamy Garlic Mashed Potatoes,Food - Sides,82,12411.14,Gerry Aubray
2024-12-24,Ramen Noodle Soup Cups,Food - Prepared Meals,62,1286.8,Constanta Narraway
2024-12-06,Peanut Butter Cookies,Food - Bakery,39,25780.31,Glory Kirdsch
2024-12-04,LED Flashlight with Rechargeable Batteries,Outdoor,17,48528.59,Nerta Pickin
2025-09-15,Brazil Nuts,Food - Nuts,34,44220.24,Nobe Paulisch
2025-08-14,Spinach and Ricotta Ravioli,Food - Pasta,29,86062.96,Chery Ivanenko
2025-01-27,Honey Nut Cheerios,Food - Cereal,41,68080.79,Codie Perree
2025-10-10,Cable Knit Beanie,Clothing - Accessories,48,23611.73,Christian Panyer
2025-08-12,Men's Waterproof Hiking Boots,Footwear,48,80241.09,Lanna Weems
2025-09-23,Orange Ginger Vinaigrette,Food - Condiments,55,56184.28,Hagen Harvett
2024-12-25,Lightweight Travel Backpack,Travel,23,24131.69,Guglielmo Maydway
2025-10-07,Organic Vanilla Bean Ice Cream,Food - Frozen Desserts,85,5641.51,Miguela Kobel
2025-04-16,Car Phone Mount,Automotive,39,85067.91,Neysa Edmunds
2025-09-29,Compact Hair Dryer,Beauty,58,76299.64,Arlen Stainson
2025-01-04,Portable Massage Gun,Health,32,86383.51,Leeland Danilovitch
2025-04-27,Basmati Rice,Food - Grains,20,93798.24,Eduardo McIlhagga
2025-07-01,Pet Travel Backpack Carrier,Pets,56,83867.41,Gayel Eades
2025-01-20,Wall-Mounted Organizer,Home,38,84493.7,Codee Danilovich
2025-03-04,Bluetooth Car Adapter,Automotive,5,40041.82,Read Longhorne
2025-05-25,Granola Clusters,Food - Cereal,54,58974.36,Denice Gosson
2025-10-04,Sun-Dried Tomato Pesto,Food - Condiments,62,83102.72,Shanda McMonies
2025-06-16,Organic Coconut Oil,Food - Oils,77,33133.17,Isidore Minmagh
2024-11-17,Portable Laptop Table,Office,32,31337.86,Elbertine Lichtfoth
2025-07-29,Crafting Kit,Art Supplies,56,91091.09,Sigismundo Pimm
2025-08-26,Ultraviolet Phone Sanitizer,Health,1,12012.32,Dominic Tappin
2025-06-02,Pleated Midi Dress,Clothing - Dresses,87,44304.44,Heindrick Gear
2025-03-21,Almond Flour Tortillas,Food - Baking & Cooking,88,25228.22,Tabby Phettis
2025-09-15,Mayonnaise,Food - Condiments,60,7919.54,Cecile Whyman
2025-03-29,Leather Biker Jacket,Clothing - Outerwear,15,25855.79,Jasmin Behling
2025-07-26,Ground Cinnamon,Food - Spices,83,86680.55,Michal Battlestone
2025-03-13,Pumpkin Spice Granola,Food - Breakfast,36,16132.08,Ermina McSkeagan
2025-03-25,French Onion Dip,Food - Condiments,33,36120.81,Hyacinthe Blasgen
2025-01-16,Lightweight Backpacking Tent,Outdoor,15,79827.68,Beret Dries
2025-10-17,Dog Car Seat Cover,Pets,15,9274.41,Rosabelle Wimbury
2025-01-03,Falafel Mix,Food - Baking & Cooking,6,57724.62,Annalee Giacomi
2025-09-03,Crispy Chickpeas,Food - Snacks,33,56403.37,Anabel Blythe
2025-06-23,Peach Slices (canned),Food - Canned Goods,62,79621.7,Dickie Shippey
2024-12-21,Garlic Breadsticks,Food - Sides,53,58545.9,Alethea McPhelim
2025-04-27,Plant-Based Cookbook,Books,32,33886.35,Margit Pordal
2025-02-01,Lemonade Mix,Food - Beverages,85,49453.07,Estrella Carbine
2025-04-24,Almond Joy Munch Bars,Food - Snacks,22,59664.61,Udall Giddy
2025-03-19,Organic Baby Spinach,Food - Produce,89,41254.48,Sheilakathryn Hanford
2025-06-03,Trail Mix (Deluxe),Food - Snacks,79,34078.9,Sheri Iles
2025-03-06,Smoked Paprika,Food - Spices,54,80717.95,Barby Giovanazzi
2025-10-09,Luxury Memory Foam Mattress Topper,Home,97,34748.13,Freddy Garlic
2025-10-03,Pita Bread,Food - Bakery,71,64899.08,Osgood Hakey
2025-02-02,Chic Jumpsuit,Clothing - Jumpsuits,65,23740.08,Salvidor Mattersley
2025-07-22,Memory Foam Mattress Topper,Home,60,84447.67,Iggy Ouslem
2025-10-10,Coconut Oil Spray,Food - Cooking Oils,35,76396.68,Romona Wattam
2025-09-07,Bluetooth Headphones,Audio,3,90469.81,Katlin Trusler
2025-08-30,Pleated Midi Dress,Clothing - Dresses,4,8300.65,Alicia Hadwick
2025-02-15,Tortilla Chips,Food - Snacks,39,66238.82,Jaimie Skipp
2025-05-24,LED Disco Ball Light,Home,84,7475.15,Ase Hymas
2025-08-20,Throw Pillow Covers,Home,7,75787.39,Amelia Freake
2025-10-06,Compact Umbrella,Accessories,2,77004.61,Pansie Luebbert
2025-06-23,Travel Laundry Bag,Travel,53,54358.93,Goldy Brameld
2025-07-21,Window A/C Unit,Home Appliances,27,37398.56,Ollie Bondar
2025-09-11,Non-Toxic Crayons for Kids,Toys,20,32546.98,Derick Oiseau
2025-08-15,Dried Mango Slices,Food - Snacks,89,98337.11,Alexandr Carding
2025-10-23,Chocolate Protein Powder,Food - Supplements,63,97795.22,Herminia Fulham
2025-08-16,Smart Home Security Camera,Smart Home,76,98788.96,Rhiamon Vannuccini
2025-02-24,Fitness Foam Roller,Fitness,77,95249.12,Trixy Hatter
2025-02-11,Honey Sesame Chicken,Food - Frozen Food,53,42645.14,Russell Paunsford
2025-07-14,Picnic Blanket,Outdoor,30,77133.01,Bradney Feaveer
2025-01-29,Soft Plush Throw Blanket,Home,94,83823.53,Nelly Wolfer
2024-11-22,Veggie Burger Patties,Food - Meat Substitutes,5,86327.55,Thaddus Benedicte
2025-09-15,Sriracha Chili Sauce,Food - Condiments,19,14200.16,Carita Giamuzzo
2025-06-14,Lemon Herb Grilled Chicken,Food - Meat,21,48236.57,Vale Shevelin
2024-11-30,Maple Cinnamon Almonds,Food - Nuts,94,52647.25,Garvey MacLachlan
2025-01-18,Butternut Squash Ravioli,Food - Frozen Foods,60,54664.68,Jackson Brakewell
2024-12-28,Sweet Potatoes (organic),Food - Vegetables,26,28567.16,Leyla Bowdon
2025-09-02,Solar String Lights,Outdoor,73,59159.26,Jeniece Ferrero
2025-01-24,Garlic and Herb Cream Cheese,Food - Dairy,92,33990.7,Ottilie Josipovitz
2024-11-03,Glass Tea Pot,Kitchen,92,38934.75,Ozzy Gaiger
2025-09-30,Smartphone Gimbal Stabilizer,Photography,53,42201.64,Shir Lafee
2025-05-06,Car Escape Tool,Automotive,75,25695.36,Daria Acreman
2025-01-27,Portable Hammock,Outdoor,95,18519.35,Kati Allcroft
2025-10-07,Smart Light Switch,Smart Home,36,19893.53,Purcell Balsellie
2024-11-02,Board Game Storage,Toys,89,82955.34,Desdemona McTeer
2025-03-21,Artisan Bread Loaf,Food - Bakery,31,53380.24,Guillermo Clemente
2025-06-03,Black Olives,Food - Canned Goods,49,60163.39,Dilly Pettyfar
2025-06-17,Mini Meatballs,Food - Frozen Meals,33,59721.82,Hernando Edgell
2025-07-16,Ski Goggles,Sports,10,40982.87,Richart Bretherton
2025-07-26,Roasted Garlic Pasta Sauce,Food - Sauces,75,68231.08,Correna Spinelli
2025-09-21,Quinoa and Kale Salad Kit,Food - Salads,46,23663.22,Rasia Arp
2025-09-21,Spinach and Cheese Stuffed Shells,Food - Frozen Meals,31,12112.66,Cymbre Rudd
2025-01-26,Workstation Laptop Stand,Office,15,71086.26,Yuma Lowndsborough
2025-01-31,Classic Baseball Cap,Clothing - Accessories,91,2880.54,Lanny Chomicz
2024-11-19,Professional Chef Knife,Kitchen,10,86584.01,Grannie Raitie
2025-07-10,Coconut Milk,Food - Canned Goods,79,9466.67,Rubi Schapiro
2024-12-16,Stylish Combat Boots,Clothing - Shoes,47,15827.95,Giulia Sebright
2025-03-29,Classic Caesar Salad Kit,Food - Salads,31,30531.1,Kristi Heather
2025-08-13,Casual Cropped Sweater,Clothing - Sweaters,77,51433.56,Hilde Drynan
2025-07-23,Vanilla Almond Granola,Food - Breakfast,93,34085.03,Kevin Chastan
2025-01-15,Frozen Cauliflower Rice,Food - Frozen Foods,8,42218.57,Hilda Symmons
2024-11-15,Luxury Bath Salts,Beauty,77,25213.66,Scot Cabrara
2025-09-17,Maple Cinnamon Almonds,Food - Nuts,11,88008.15,Marylin Assandri
2025-03-16,Zesty Cilantro Lime Dressing,Food - Condiments,76,42101.26,Jerrine Bracknall
2025-05-29,Portable Water Filter,Outdoor,32,10010.58,Sonya Proger
2024-11-02,Classic Cheeseburger Mix,Food - Meats,75,92442.93,Virgie Rubertis
2025-04-03,Tuscan Bean Soup,Food - Canned Goods,3,95439.16,Roland Couch
2025-04-16,Portable Massage Table,Health,59,62678.57,Alphonse Trenaman
2025-02-24,Gluten-Free Bread,Food - Bakery,56,92190.74,Olva Kobes
2025-06-30,Digital Voice Recorder,Electronics,78,78247.71,Bertina Sherreard
2025-04-01,Cushion Covers,Home,53,55018.1,Estell Ivons
2025-05-19,Frozen Berry Blend,Food - Frozen Foods,47,67262.16,Ardith Lodeke
2025-06-03,Face Mask Set,Health,26,54834.32,Abbey Cockren
2025-07-27,Chia Seed Pudding,Food - Snacks,34,78219.7,Obediah Wombwell
2025-10-21,Organic Granola Cereal,Food - Breakfast,86,45277.98,Miranda Farrand
2025-02-28,Granola Clusters,Food - Cereal,55,25817.44,Rudyard Cragell
2024-11-16,Portable Hammock,Outdoor,89,75753.67,Yuri Stollhofer
2025-01-21,Pineapple Coconut Rice Mix,Food - Grains,56,6826.67,Kania Fitzpayn
2025-05-10,Herb Seasoned Rice,Food - Sides,36,63560.67,Salome Ivakin
2025-05-19,Sliced Cheese,Food - Dairy,13,25517.26,Lyn Whitnell
2024-11-28,Photo Album,Home,55,63930.77,Tarrah O'Noland
2025-09-09,Bike Repair Tool Kit,Outdoor,5,92001.08,Meier Ragsdall
2025-10-08,Garlic Parmesan Wings,Food - Frozen Foods,79,37445.87,Garth Saffer
2025-05-31,Digital Wireless Meat Thermometer,Kitchen,35,32350.44,Saunder Vickars
2025-04-28,Whole Wheat Bread,Food - Bakery,4,45598.26,Nicola Eat
2025-08-14,Essential White Button-Up,Clothing - Shirts,74,54425.37,Keelia Pavolini
2025-06-19,Electric Screwdriver,Tools,13,54935.89,Jenifer McAllister
2025-08-11,Digital Voice Recorder,Electronics,71,73566.96,Anatole Jennemann
2025-02-28,Mango Chili Salsa,Food - Condiments,56,90134.66,Lidia Laxson
2025-09-15,Pistachio Ice Cream,Food - Frozen Desserts,14,84048.78,Leonard Edon
2025-05-30,Honey-Balsamic Vinaigrette,Food - Dressing,47,81129.69,Clarinda Kinnaird
2025-07-26,Leek and Potato Soup,Food - Soups,44,58519.35,Anabelle Bullen
2025-04-30,Maple Pecan Pancake Mix,Food - Breakfast,33,58106.86,Lilah Fontanet
2025-09-22,Travel Beach Blanket,Outdoor,80,3384.22,Cristy Ceresa
2025-09-09,Asian Stir-Fry Kit,Food - Frozen Meals,89,83296.35,Layne Petrasch
2025-07-28,Portable Speakers,Audio,79,12628.03,Katherina Maffezzoli
2024-12-31,Frozen Berry Medley,Food - Frozen Foods,100,40182.94,Austin Du Barry
2025-02-14,Crispy Tofu Bites,Food - Protein,46,56306.07,Arabel Cato
2025-06-03,Self-Massaging Pillow,Health,72,5131.38,Myrta Grob
2025-08-08,Sous Vide Cooker,Kitchen,12,57438.62,Samson Gilloran
2025-06-14,Digital Camera,Electronics,70,29179.32,Rosalind Tremaine
2025-06-05,Zucchini Noodle Pasta,Food - Vegetables,9,46861.42,Abel Ivankin
2025-10-13,Handmade Leather Wallet,Accessories,58,72887.72,Gui Nugent
2024-12-26,Smoky BBQ Jackfruit,Food - Grocery,13,73898.18,Nolan Artois
2025-08-22,Blueberry Oatmeal Cups,Food - Breakfast,37,32849.46,Simone Bedwell
2024-11-19,Honey Sesame Cashews,Food - Snacks,6,88336.13,Nikoletta Dowding
2025-05-03,Foldable Yoga Mat Carry Bag,Fitness,65,89734.5,Benedicto Tulleth
2024-12-27,Kid's Fruit Snacks,Food - Snacks,78,72649.88,Jdavie Greated
2025-04-08,Mediterranean Couscous Salad,Food - Salads,28,36864.54,Kathe Yeude
2025-05-16,Popcorn Chicken,Food - Frozen,54,87312.11,Lazarus Vairow
2025-08-10,Sweet Corn,Food - Canned Goods,69,74218.06,Yankee Ecclestone
2025-04-15,Miso Soup Starter,Food - Soups,12,52644.27,Bucky Trevon
2025-08-05,Portable Pet Bathing Tool,Pets,88,16556.41,Frederic Jeppe
2025-05-14,Vacuum Sealer Machine,Kitchen,84,52487.75,Bert Hurdidge
2025-05-17,Inflatable Pool Float,Outdoor,14,63794.66,Howey Vain
2025-05-17,Coconut Chia Pudding,Food - Dairy,43,95611.32,Eddi Henriksson
2025-05-27,Butternut Squash Ravioli,Food - Frozen Foods,95,80470.05,Annadiane Clench
2025-01-18,Oven-Baked Sweet Potato Fries,Food - Frozen Foods,36,57770.93,Juliet Besemer
2025-03-16,Cotton Pajama Set,Clothing - Loungewear,2,8719.56,Clerissa Kaubisch
2025-08-19,Portable Phone Charger,Accessories,93,13755.32,Shara Deny
2025-03-24,Dual Function Electric Skillet,Kitchen,46,90231.98,Roobbie Seaward
2025-03-27,Fashionable Scarves Set,Clothing,57,90541.48,Burlie Mattiassi
2025-10-13,Kids' Learning Tablet,Electronics,45,94514.43,Jeremie Gilbertson
2025-05-01,Handmade Soap Making Kit,Crafts,28,7716.19,Jorey Morlon
2025-03-30,Smart WiFi Plug,Smart Home,10,10958.57,Missy Boyford
2025-05-12,Adjustable Pet Feeder,Pets,53,85131.38,Nobie Simons
2025-10-03,Garlic Parmesan Roasted Nuts,Food - Nuts,75,34393.18,Lettie Tenwick
2025-09-19,Sweet Corn,Food - Canned Goods,55,47468.24,Robyn Goodwill
2025-10-23,Organic Sweet Potatoes,Food - Produce,40,83540.42,Meredeth Petters
2025-01-02,Cold Brew Coffee Concentrate,Food - Beverages,54,8545.25,Diahann Murrhardt
2025-04-20,Portable Bluetooth Speaker,Audio,8,77662.32,Nickolaus Ortler
2024-11-17,Ground Cinnamon,Food - Spices,48,41075.94,Wendye Agney
2025-01-21,Pecan Pie Filling,Food - Baking Goods,57,56040.02,Salome Cruces
2025-02-03,Balsamic Salad Dressing,Food - Deli,31,7412.27,Teodor Jaulmes
2024-11-25,Artisan Bread,Food - Bakery,6,79915.45,Cyndia Ferreres
2025-01-01,Sweet Chili Sauce,Food - Condiments,76,29247.58,Arlena Tutt
2025-09-19,Peach Mango Smoothie Mix,Food - Beverages,37,6129.0,Roxine Emm
2025-08-27,Wall Art Stickers,Home,87,35066.01,Gavan Burgne
2025-09-13,Fitness Tracker Watch,Wearable Tech,27,75279.11,Brady Keddle
2025-07-19,Creamy Ranch Dressing,Food - Dressings,59,80861.62,Mace MacNamara
2025-05-23,Smartphone Tripod with Bluetooth Remote,Photography,73,32353.98,Sallee Dullingham
2024-12-23,Lemon Lime Sparkling Water,Food - Beverages,77,29342.84,Mort Bryden
2025-03-28,Foot Massager,Health,95,90158.87,Clem Klain
2024-11-09,Sliced Avocado,Food - Produce,41,85866.37,Farra Cardno
2025-09-06,Peach Green Tea,Food - Beverages,5,18537.12,Chandra Dumphy
2025-05-21,Casual Long Cardigan,Clothing - Outerwear,94,84886.38,Midge Marklin
2025-01-26,Graphic Hoodie,Clothing - Outerwear,90,49472.54,Ertha Dodgshon
2025-01-29,Green Tea Matcha Powder,Food - Beverages,76,30391.16,Boniface Doog
2025-01-12,Rain Jacket,Clothing,69,37219.95,Nelie Le Hucquet
2025-02-16,Almond Joy Munch Bars,Food - Snacks,26,9256.99,Blithe Galland
2024-12-26,Emergency Preparedness Kit,Safety,32,78130.57,Chiquia Quin
2025-10-10,Berry Smoothie Mix,Food - Frozen Foods,70,2705.66,Kiah Tams
2025-08-09,Window Bird Feeder,Outdoor,25,49463.79,Giffard Renison
2025-05-14,Magnetic Phone Car Mount,Automotive,50,74620.42,Sandy Baron
2025-03-22,Car Phone Mount,Automotive,65,1597.22,Robbyn Bohills
2024-11-19,Watering Can with Nozzle,Garden,8,95782.91,Marcelia Longina
2025-02-13,Lemon Garlic Shrimp,Food - Seafood,45,34091.65,Giavani Leed
2025-05-09,DIY Lip Balm Kit,Crafts,51,57255.29,Aggie Godbald
2025-06-23,Home Karaoke System,Audio,34,26684.42,Egon Slimings
2025-03-03,Fleece Lined Leggings,Clothing,68,28075.72,Joey Sabater
2025-05-10,Smartphone Tripod with Remote,Photography,72,7676.36,Jasen Miall
2025-09-24,Smart Light Bulbs,Smart Home,97,47583.79,Carrol Broadbridge
2024-11-18,Set of Gardening Gloves with Claws,Garden,24,67739.16,Gregg Alldis
2024-11-13,Stainless Steel Water Pitcher,Kitchen,46,46306.65,Heall De Francisci
2025-02-10,Essential White Button-Up,Clothing - Shirts,80,93733.3,Laughton De la Yglesia
2025-08-28,Maple Almond Yogurt,Food - Dairy,68,24445.69,Eduard McGirl
2025-07-04,Underwater Camera,Photography,82,64290.0,Lavinia Sirr
2025-01-14,Garden Vegetable Soup,Food - Canned Goods,78,80429.94,Odey Kilminster
2025-07-23,Shatterproof Wine Glasses,Outdoor,38,11138.56,Joby Dalley
2025-08-21,Pork Tenderloin,Food - Meat,19,41242.88,Craig Legrice
2024-10-29,Faux Leather Leggings,Clothing - Pants,96,59511.97,Bridget Hebbron
2025-06-29,Electric Griddle with Removable Plates,Kitchen,22,58861.14,Jessie Pargiter
2025-04-12,Thai Peanut Noodles,Food - Pasta,58,61723.36,Zoe Iacapucci
2025-03-24,Customizable Name Puzzle,Toys,32,98714.32,Dollie Birkmyre
2025-06-01,Paprika,Food - Spices,69,78483.75,Yulma Maddyson
2025-09-27,Herb Garden Planter Box,Garden,67,65974.79,Mathilde Berriman
2025-05-02,Herbal Garden Starter Kit,Garden,21,69926.37,Elliott Cheesworth
2025-09-07,Classic Caesar Dressing,Food - Condiments,56,97017.23,Sebastian Patrone
2025-03-23,Air Purifier,Home,54,37239.39,Andi Dominetti
2025-09-12,Fleece Hoodie,Clothing - Outerwear,36,93942.58,Agretha McQuirk
2025-10-11,Heated Throw Blanket,Home,42,66376.32,Valeda Wingham
2025-06-26,Maple Oatmeal,Food - Breakfast,4,79742.29,Cathrine Ottam
2025-07-31,Pasta Primavera,Food - Frozen Foods,58,96347.55,Hubey Aloshkin
2024-11-14,Over-The-Door Shoe Organizer,Home,76,54266.87,Corina Buckle
2024-12-12,Home Karaoke System,Audio,71,88687.5,Dena Storre
2025-08-26,Vegan Caesar Dressing,Food - Condiments,35,37794.85,Cornell Abbotts
2025-07-27,Luxury Memory Foam Mattress Topper,Home,35,2307.78,Patience Shortell
2025-05-16,Honey Mustard Pretzel Bites,Food - Snacks,75,65755.87,Teodoor Tripp
2025-01-07,Chickpea Pancakes,Food - Frozen,51,32128.37,Hobart Moneti
2024-12-29,Cranberry Almond Cookies,Food - Bakery,36,64618.31,Bendite Langmuir
2025-07-09,Puzzle Mat,Toys,43,34564.09,Sella Botfield
2025-05-12,Flavored Rice Cakes,Food - Snacks,69,87434.56,Marja Gravestone
2025-01-20,Organic Brown Sugar,Food - Baking,25,27490.37,Neddie Danielian
2025-10-07,Thai Peanut Noodles,Food - Pasta,86,37602.24,Chris Lochhead
2025-08-30,Terry Cloth Robe,Clothing - Loungewear,24,32550.21,Tina Godwin
2025-06-16,Adjustable Window Blind,Home,32,22525.97,Marisa Flieger
2025-07-13,Mini Waffle Maker,Kitchen,53,14677.9,Alexandros Jewks
2024-12-06,Beet Salad,Food - Prepared Foods,95,89858.47,Janeen Borchardt
2025-02-06,Emergency Preparedness Kit,Safety,61,43004.61,Berny Temporal
2025-01-02,Portable Charcoal Grill,Outdoor,73,45566.87,Paule Zohrer
2025-01-13,Insulated Lunch Box,Kitchen,41,40687.02,Joella Cragoe
2025-01-24,Organic Whole Grain Oats,Food - Breakfast,46,70102.74,Sabine Trinbey
2025-03-05,Maple Syrup,Food - Condiments,96,13425.99,Elroy Halle
2025-08-18,Black Bean Soup,Food - Soups,8,15213.8,Isidore Rassell
2025-01-28,Baking Powder,Food - Baking Goods,15,3536.29,Adaline Poat
2024-12-24,Interchangeable Watch Bands,Accessories,94,31830.73,Malchy Leman
2024-11-30,Indoor Plants,Garden,23,21525.4,Davie Lukianovich
2025-05-08,Vegan chocolate chip cookies,Food - Bakery,51,89127.64,Margaux Jarrette
2025-09-11,Laptop Sleeve,Accessories,42,33320.32,Dara Bodicum
2025-09-19,Tuscan Bean Soup,Food - Canned Goods,10,78407.92,Tobe Soall
2025-05-22,Toasted Coconut Granola,Food - Breakfast,84,33940.07,Cynthie Joost
2025-07-31,Indoor Plants,Garden,69,92063.22,Kristopher Gude
2025-04-27,Fashionable Fanny Pack,Clothing - Accessories,3,1712.72,Gaye Matteuzzi
2025-03-14,Frozen Hash Browns,Food - Frozen Foods,89,43974.19,Trudie Pirrone
2025-01-30,Portable Refrigerator Freezer,Outdoor,51,84959.02,Barrett Saunderson
2025-05-15,Electric Razor,Health,42,79065.97,Melesa Dunseath
2025-04-25,Classic Minestrone Soup,Food - Soups,97,10005.34,Dagny Gleave
2025-07-02,Children's Science Experiment Lab Kit,Toys,45,69128.69,Eden Ellacott
2024-12-19,Terry Cloth Robe,Clothing - Loungewear,94,9611.51,Thaxter Coll
2024-11-16,Portable Pet Bathing Tool,Pets,11,8726.88,Mattheus Arnett
2025-02-19,Compost Bin,Garden,1,78159.02,My Puffett
2025-07-27,Cheesy Cauliflower Bake,Food - Frozen Vegetables,43,86919.56,Kathye Purdom
2025-04-17,Noise-Canceling Earbuds,Audio,60,75644.6,Upton Roast
2025-06-05,Multi-Tool,Outdoor,27,47592.67,Freddi Aris
2025-02-26,Chicken Fajita Kit,Food - Prepared Foods,42,60396.05,Korey McCullen
2025-09-01,Fresh Lemons,Food - Fresh Produce,80,74402.03,Giorgi Coling
2025-01-05,Wall Art Stickers,Home,28,26666.8,Aidan Blazejewski
2025-03-20,Dish Rack,Kitchen,5,39994.26,Jeddy Seeney
2024-12-03,Heat-Resistant Silicone Mat,Kitchen,74,78520.82,Edmund Showers
2025-03-19,Vegetarian Stir Fry Sauce,Food - Condiments,19,49358.96,Barclay Cock
2025-06-26,Board Game,Toys,85,13268.35,Dare Di Maggio
2025-01-27,Coconut Curry Lentil Soup,Food - Canned Goods,57,11267.01,Roseline Pyner
2024-11-07,Savory Snack Mix,Food - Snacks,17,28540.32,Madelina Petruk
2025-02-12,Pepperoni Pizza Rolls,Food - Snacks,26,1195.2,Theresa Axelbee
2024-12-13,Digital Meat Thermometer,Kitchen,87,80558.31,Jud Rispine
2025-03-23,Black Bean Soup,Food - Soups,28,45533.61,Hunt Conachy
2025-03-30,Baby Monitor,Baby,30,17216.14,Lezley Fernely
2025-05-14,Sun Protection Clothing,Clothing,8,76351.43,Anya Gisbye
2025-01-28,Mango Sticky Rice Dessert,Food - Frozen Desserts,44,91423.27,Dagny MacArd
2024-11-11,Organic Almond Flour,Food - Baking,89,10935.17,Wain Monteath
2025-09-12,Honey Butter Popcorn,Food - Snacks,70,58847.7,Gennie Cardo
2024-12-31,Magnetic Phone Case,Accessories,92,34967.37,Izzy Akers
2025-09-15,Outdoor String Lights,Outdoor,84,37204.74,Krissie Picford
2025-06-18,Beet Salad,Food - Prepared Foods,34,4177.99,Juline Restorick
2025-10-22,Sweetened Condensed Milk,Food - Baking Goods,54,74336.25,Ray Niessen
2025-08-09,Stainless Steel Mixing Bowls,Kitchen,12,50907.55,Hadria Graysmark
2025-02-04,Vegetarian Stir Fry Sauce,Food - Condiments,27,8618.65,Barnett Exter
2025-10-22,Portable Bluetooth Keyboard,Electronics,63,86370.93,Tabor Ledford
2025-01-21,Safety Goggles,Safety,75,57044.76,Perrine Aulton
2025-09-09,Oven Mitts,Kitchen,14,55104.35,Evelin Coslitt
2025-05-03,Granola Clusters,Food - Cereal,78,29915.93,Nancey Aveline
2025-10-22,Whisk Set,Kitchen,15,96735.35,Cloris Sterrick
2025-06-09,Pet Training Clicker,Pets,38,92092.02,Bendick Origan
2024-12-15,Noise-Canceling Earbuds,Audio,53,13692.29,Uri Charlin
2025-02-07,Garden Tool Set,Garden,66,50900.53,Jacquie Ucchino
2024-11-20,Ethically-Sourced Coffee Beans,Food - Beverages,29,9560.24,Brocky McLugish
2025-04-06,Stuffed Grape Leaves,Food - Prepared Foods,61,67615.57,Roxie Heam
2024-12-08,Thai Peanut Noodles,Food - Pasta,60,81849.57,Genevieve Joyes
2025-07-09,Buttermilk Pancakes,Food - Breakfast,71,95036.04,Dallas Caple
2025-07-23,Hot Dog Buns,Food - Bakery,52,47426.06,Renato Trodden
2025-06-09,Non-Stick Grill Mat,Outdoor,25,38618.1,Ephrem Lahive
2025-03-31,Low-Fat Yogurt,Food - Dairy,46,78668.37,Vyky Hagergham
2025-09-03,Insulated Wine Tote,Accessories,16,79370.27,Angelina Jeste
2025-10-25,Noise-Canceling Earbuds,Audio,2,94402.53,Carmela Gilbeart
2025-07-17,Apple Sauce,Food - Canned Goods,70,5515.53,Joellyn Byars
2024-10-30,Personal Blender with Travel Lid,Kitchen,72,55489.42,Magdaia Lomond
2025-01-28,USB Flash Drive,Storage,50,37656.54,Salim Middlebrook
2024-11-07,Sea Salt Tortilla Chips,Food - Snacks,51,82604.95,Anthea Gaitley
2025-08-02,Electric Pressure Washer,Home Improvement,94,94167.84,Joelle Fenwick
2025-03-08,Glass Tea Pot,Kitchen,100,50698.76,Chloris Torbard
2025-07-07,Antique Style Clock,Home,96,96324.12,Bartel Livard
2025-02-15,Couscous Mix,Food - Grains,92,78962.2,Kimberley Toxell
2025-08-29,Outdoor Sports Backpack,Outdoor,81,93773.75,Isiahi Pendergast
2025-08-28,Crispy Tofu Bites,Food - Protein,99,8190.83,Starr Cayle
2025-08-22,Blue Corn Tortilla Chips,Food - Snacks,10,89802.91,Quincy Butland
2024-12-10,Action Camera,Electronics,30,4958.71,Laureen Goatman
2025-09-14,Chocolate Coconut Protein Balls,Food - Snacks,84,9050.49,Codi O'Fogarty
2025-09-05,Adjustable Pet Feeder,Pets,84,99217.08,Anson Claricoates
2025-10-03,Pet Caress Brush,Pets,71,82637.25,Isahella Brickett
2025-03-17,Chocolate Chip Cookie Mix,Food - Baking,22,10288.01,Marjorie Mallalieu
2024-10-31,Mushroom Soup (canned),Food - Canned Goods,77,39876.03,Felix O'Feeney
2025-01-25,Cranberry Pecan Granola,Food - Breakfast Foods,91,16500.57,Douglas Wellen
2025-09-25,Compost Bin,Garden,30,80237.07,Lin Brantl
2025-06-07,Multi-Functional Rice Cooker,Kitchen,57,48292.48,Baron Grewes
2025-03-31,Tea Infuser,Kitchen,52,70577.09,Dame Scourgie
2025-03-13,Vegetarian Stuffed Peppers,Food - Prepared Foods,21,7047.81,Tedie Swaile
2025-04-10,Chocolate Mint Thins,Food - Snacks,49,14170.38,Darlene Kubicka
2025-10-13,Magic Color-Changing Mug,Kitchen,74,66926.21,Giulio Purvis
2025-08-28,Oven Thermometer,Kitchen,94,23491.61,Rosmunda Farquharson
2025-08-31,Quinoa and Kale Salad Kit,Food - Salads,80,31851.48,Ab Deelay
2024-11-29,Herb Garden Planter Box,Garden,6,4994.99,Abel Sahnow
2025-03-06,Stainless Steel Straws,Kitchen,62,6935.45,Raye Durrant
2025-04-14,Pasta Portion Control Measure,Kitchen,39,46346.08,Elisabet Hammelberg
2025-10-13,Stylish Wide-Leg Trousers,Clothing - Bottoms,100,36762.54,Virginie Mundell
2025-09-07,Personal Security Alarm Keychain,Safety,63,23117.38,Crissie Gooderick
2025-04-24,Personalized Cutting Board,Kitchen,31,51934.37,Dave Reddington
2025-08-30,Fitness Activity Journal,Fitness,16,85491.28,Adaline Shergold
2024-11-16,Portable Air Pump,Outdoor,92,20391.3,Christoforo MacCague
2024-12-03,Egg Noodles,Food - Grains,24,35618.43,Jenifer Antcliff
2024-11-18,Mini Projector,Electronics,45,74723.6,Sasha Cawthorn
2024-11-27,Adjustable Standing Desk,Office,35,75791.24,Rafael Ekless
2024-11-08,Sesame Oil,Food - Oils & Vinegars,96,25563.93,Ruby Blockey
2025-01-08,Leather Crossbody Bag,Clothing - Bags,63,71785.85,Ashlie Carnell
2025-08-10,Turmeric Ginger Tea,Food - Beverages,92,27563.77,Sheridan Sketch
2025-08-22,Sweet and Sour Sauce,Food - Condiments,91,77022.36,Eleen Gillyatt
2024-11-05,Magnetic Phone Car Mount,Automotive,9,79280.36,Annaliese Goudie
2025-02-05,Mediterranean Couscous,Food - Grains,92,70556.8,Fionna Ianne
2025-09-04,Handcrafted Wooden Jewelry Box,Accessories,57,47641.93,Valdemar Castellani
2025-04-13,Coconut Water,Food - Beverages,3,42217.39,Cirstoforo Aimer
2025-07-07,Curried Lentil Salad,Food - Salads,96,75413.78,Rowen Kime
2025-06-25,Sparkling Blood Orange Soda,Food - Beverages,47,71720.35,Veronika Cosford
2024-11-03,Outdoor Camping Hammock,Outdoor,29,38403.47,Audry Rosbrough
2025-07-07,Wireless Car Charger,Automotive,49,73645.18,Laurie Leman
2025-10-21,Whole Wheat Pita Bread,Food - Bread,5,80239.67,Ara Bayldon
2025-03-26,Rice Noodles,Food - Grains,59,86090.26,Archibold Frankiss
2025-10-22,Athletic Compression Tights,Clothing - Activewear,95,46404.71,Darby Craister
2025-06-28,Creamy Ranch Dressing,Food - Dressings,33,43456.4,Kyrstin Idle
2025-10-14,Balsamic Salad Dressing,Food - Deli,75,50164.58,Catarina Gheeraert
2025-03-24,Sriracha Honey Glaze,Food - Sauces,18,49756.02,Joscelin Caush
2024-12-01,Sea Salt Caramel Brownie,Food - Bakery,34,7813.3,Earlie Saward
2025-01-04,Ramen Noodles,Food - Pasta,70,46625.14,Hall Cartin
2025-08-31,Vegetable Samosas,Food - Frozen,32,50864.44,Jill Kelleway
2025-09-06,Coconut Cream Pie,Food - Bakery,90,67542.96,Gladi Shaddick
2025-05-17,Organic Quinoa,Food - Grains,4,53786.5,Sterne Lugard
2025-08-23,Portable Air Compressor,Automotive,97,72050.78,Raffaello Doag
2025-04-13,Peach Halves (canned),Food - Canned Goods,6,91023.73,Francyne Cordie
2025-01-24,Radish Chips,Food - Snacks,2,32849.62,Eugen Horry
2025-01-16,Wireless Charging Station,Electronics,73,61564.24,Llewellyn Follet
2025-03-28,Almond Quinoa Salad,Food - Salads,23,70038.38,Saloma Wilcot
2025-09-16,Travel Jewelry Case,Accessories,96,68589.14,Hilliard Lewnden
2024-12-21,Portable Solar Charger,Electronics,48,72337.34,Tobias Chatell
2024-12-25,Low-Fat Yogurt,Food - Dairy,93,23530.64,Marcy Bexon
2025-02-13,Crispy Potato Tots,Food - Frozen Foods,19,98848.28,Peter Bang
2025-08-15,Survival Gear Kit,Outdoor,76,18006.2,Novelia Gerrelt
2025-01-15,Spinach Artichoke Dip,Food - Snacks,54,40616.02,Sarene Renny
2025-08-14,Wireless Induction Charger,Electronics,86,11388.79,Bunnie Klemke
